-- MySQL dump 10.13  Distrib 6.0.11-alpha, for Win64 (unknown)
--
-- Host: localhost    Database: happylife
-- ------------------------------------------------------
-- Server version	6.0.11-alpha-community

/*!40101 SET @OLD_CHARACTER_SET_CLIENT=@@CHARACTER_SET_CLIENT */;
/*!40101 SET @OLD_CHARACTER_SET_RESULTS=@@CHARACTER_SET_RESULTS */;
/*!40101 SET @OLD_COLLATION_CONNECTION=@@COLLATION_CONNECTION */;
/*!40101 SET NAMES utf8 */;
/*!40103 SET @OLD_TIME_ZONE=@@TIME_ZONE */;
/*!40103 SET TIME_ZONE='+00:00' */;
/*!40014 SET @OLD_UNIQUE_CHECKS=@@UNIQUE_CHECKS, UNIQUE_CHECKS=0 */;
/*!40014 SET @OLD_FOREIGN_KEY_CHECKS=@@FOREIGN_KEY_CHECKS, FOREIGN_KEY_CHECKS=0 */;
/*!40101 SET @OLD_SQL_MODE=@@SQL_MODE, SQL_MODE='NO_AUTO_VALUE_ON_ZERO' */;
/*!40111 SET @OLD_SQL_NOTES=@@SQL_NOTES, SQL_NOTES=0 */;

--
-- Table structure for table `tb_activity`
--

DROP TABLE IF EXISTS `tb_activity`;
/*!40101 SET @saved_cs_client     = @@character_set_client */;
/*!40101 SET character_set_client = utf8 */;
CREATE TABLE `tb_activity` (
  `id` int(32) NOT NULL AUTO_INCREMENT,
  `name` varchar(100) COLLATE utf8_unicode_ci NOT NULL,
  `description` varchar(1000) COLLATE utf8_unicode_ci NOT NULL,
  `status` int(11) NOT NULL COMMENT 'æ´»åŠ¨çŠ¶æ€ï¼š1ï¼šæœ‰æ•ˆ 0ï¼šå·²å¤±æ•ˆ',
  `is_threshold_set` int(11) DEFAULT NULL COMMENT 'æ˜¯å¦å¯ä»¥è®¾ç½® é˜ˆå€¼ï¼š 0 ï¼šå¦ 1ï¼šæ˜¯',
  `icon_picture` varchar(100) COLLATE utf8_unicode_ci DEFAULT NULL COMMENT 'æ´»åŠ¨æ ‡è¯†ç¬¦',
  `create_time` timestamp NULL DEFAULT NULL,
  `ext_props` varchar(500) COLLATE utf8_unicode_ci DEFAULT NULL,
  `modify_time` timestamp NULL DEFAULT '0000-00-00 00:00:00',
  PRIMARY KEY (`id`)
) ENGINE=InnoDB DEFAULT CHARSET=utf8 COLLATE=utf8_unicode_ci;
/*!40101 SET character_set_client = @saved_cs_client */;

--
-- Dumping data for table `tb_activity`
--

LOCK TABLES `tb_activity` WRITE;
/*!40000 ALTER TABLE `tb_activity` DISABLE KEYS */;
/*!40000 ALTER TABLE `tb_activity` ENABLE KEYS */;
UNLOCK TABLES;

--
-- Table structure for table `tb_admin`
--

DROP TABLE IF EXISTS `tb_admin`;
/*!40101 SET @saved_cs_client     = @@character_set_client */;
/*!40101 SET character_set_client = utf8 */;
CREATE TABLE `tb_admin` (
  `admin_id` int(32) NOT NULL AUTO_INCREMENT,
  `admin_name` varchar(50) NOT NULL,
  `admin_passwd` varchar(100) NOT NULL,
  `admin_level` int(11) NOT NULL DEFAULT '1' COMMENT 'æˆ·ç”¨çº§åˆ«',
  `forget_passwd` varchar(155) DEFAULT NULL,
  `email` varchar(100) CHARACTER SET utf8 COLLATE utf8_unicode_ci DEFAULT NULL,
  `phone_num` varchar(20) CHARACTER SET utf8 COLLATE utf8_unicode_ci DEFAULT NULL,
  `register_time` timestamp NOT NULL DEFAULT '0000-00-00 00:00:00' ON UPDATE CURRENT_TIMESTAMP,
  `status` int(32) NOT NULL DEFAULT '0' COMMENT 'ç”¨æˆ·çŠ¶æ€ï¼š 0  æ­£å¸¸  1  æ³¨é”€ç­‰ï¼Œä¸Šå±‚å®šä¹‰',
  `ext_props` varchar(500) CHARACTER SET utf8 COLLATE utf8_unicode_ci DEFAULT NULL,
  `modify_time` timestamp NULL DEFAULT '0000-00-00 00:00:00',
  PRIMARY KEY (`admin_id`)
) ENGINE=InnoDB AUTO_INCREMENT=2 DEFAULT CHARSET=utf8;
/*!40101 SET character_set_client = @saved_cs_client */;

--
-- Dumping data for table `tb_admin`
--

LOCK TABLES `tb_admin` WRITE;
/*!40000 ALTER TABLE `tb_admin` DISABLE KEYS */;
INSERT INTO `tb_admin` VALUES (1,'yanchaoxi','57601F7B56A3F898',1,NULL,NULL,NULL,'2020-10-26 14:27:08',0,NULL,'2017-05-25 15:12:09');
/*!40000 ALTER TABLE `tb_admin` ENABLE KEYS */;
UNLOCK TABLES;

--
-- Table structure for table `tb_mch`
--

DROP TABLE IF EXISTS `tb_mch`;
/*!40101 SET @saved_cs_client     = @@character_set_client */;
/*!40101 SET character_set_client = utf8 */;
CREATE TABLE `tb_mch` (
  `mch_id` int(32) NOT NULL AUTO_INCREMENT,
  `mch_name` varchar(30) COLLATE utf8_unicode_ci NOT NULL COMMENT 'å•†å®¶ç”¨æˆ·å',
  `mch_passwd` varchar(100) COLLATE utf8_unicode_ci NOT NULL COMMENT 'å•†å®¶å¯†ç ï¼Œéœ€è¦åŠ å¯†å­˜å‚¨',
  `shop_name` varchar(100) COLLATE utf8_unicode_ci NOT NULL COMMENT 'å•†å®¶å',
  `shop_detail` varchar(500) COLLATE utf8_unicode_ci DEFAULT NULL,
  `phone_num` varchar(20) COLLATE utf8_unicode_ci DEFAULT NULL,
  `email` varchar(50) COLLATE utf8_unicode_ci DEFAULT NULL,
  `total_visitor` int(32) NOT NULL DEFAULT '0',
  `fk_open_id` varchar(100) COLLATE utf8_unicode_ci DEFAULT NULL,
  `total_sale_count` int(32) NOT NULL DEFAULT '0' COMMENT 'æ€»çš„é”€å”®æ¬¡æ•°',
  `total_fans` int(32) NOT NULL DEFAULT '0' COMMENT 'æ€»çš„é”€å”®æ¬¡æ•°',
  `total_money` int(32) NOT NULL DEFAULT '0',
  `shop_lnglnt` varchar(100) COLLATE utf8_unicode_ci DEFAULT NULL COMMENT 'ç»çº¬åº¦åç»­ç»™å®šä½ç”¨',
  `shop_address` varchar(100) COLLATE utf8_unicode_ci NOT NULL COMMENT 'å•†å®¶ åœ°å€',
  `content_picture` varchar(500) COLLATE utf8_unicode_ci DEFAULT NULL,
  `mch_lelvel` int(11) NOT NULL DEFAULT '1' COMMENT 'å•†å®¶çº§åˆ«ï¼š 1 2 3 4 5 ',
  `service_type` int(11) NOT NULL DEFAULT '0' COMMENT 'å•†å®¶æœåŠ¡ç±»å‹ 0 : ç›´æ¥åˆ°è´¦æ–¹å¼ 1 ï¼šæŠ˜æ‰£ç æ–¹å¼',
  `average_time` int(11) DEFAULT NULL,
  `points` int(11) NOT NULL DEFAULT '1' COMMENT 'å®¶å•†çš„ç§¯åˆ†',
  `register_time` timestamp NULL DEFAULT '0000-00-00 00:00:00' ON UPDATE CURRENT_TIMESTAMP COMMENT 'å•†å®¶æ³¨å†Œæ—¶é—´',
  `service_status` varchar(255) COLLATE utf8_unicode_ci DEFAULT NULL,
  `mch_activity` varchar(255) COLLATE utf8_unicode_ci DEFAULT NULL COMMENT 'ç”¨æˆ·å‚ä¸çš„æ´»åŠ¨åˆ—è¡¨ï¼š_|_ åšåˆ†å‰²ç¬¦ï¼Œæ”¯æŒå¤šä¸ª',
  `mch_status` int(11) NOT NULL DEFAULT '1' COMMENT 'å®¶å•†çŠ¶æ€ 1 ï¼š æ­£å¸¸',
  `ext_props` varchar(500) COLLATE utf8_unicode_ci DEFAULT NULL,
  `modify_time` timestamp NULL DEFAULT '0000-00-00 00:00:00' COMMENT 'ĞŞ¸ÄÊ±¼ä',
  PRIMARY KEY (`mch_id`)
) ENGINE=InnoDB AUTO_INCREMENT=11 DEFAULT CHARSET=utf8 COLLATE=utf8_unicode_ci;
/*!40101 SET character_set_client = @saved_cs_client */;

--
-- Dumping data for table `tb_mch`
--

LOCK TABLES `tb_mch` WRITE;
/*!40000 ALTER TABLE `tb_mch` DISABLE KEYS */;
INSERT INTO `tb_mch` VALUES (1,'yanchaoxi','57601F7B56A3F898','å®›ç„¶ç†å‘åº—','å®›ç„¶ç†å‘åº—ï¼Œå®šä¹‰ç†å‘æ–°ä¸–ç•Œ','13658062546','chaoxiyan2497@163.com',0,'ycx0628st',74,0,13350,NULL,'å¹³æ˜Œå¿æ–°å¹³è¡—ä¸œæ®µ50å·','staticfile\\wechatimages\\mchusers\\shaxuan.jpg',1,0,30,5,'2021-01-02 13:04:12','æ­£å¸¸è¥ä¸šä¸­',NULL,1,'{\"start\":\"09:00\",\"end\":\"21:00\"}','2021-01-02 13:01:40'),(2,'sq','454E2D4F969F02D0','æ²™å®£é€ å‹å®¤å†…','æˆéƒ½å¸‚é”¦æ±ŸåŒº','15828565684','chaoxiyan1225@163.com',0,'st0628',26,0,1300,NULL,'å¹³æ˜Œå¿æ–°å¹³è¡—ä¸œæ®µ50å·','staticfile\\wechatimages\\mchusers\\shenjian.jpg',1,0,30,5,'2021-01-02 13:04:13','æ­£å¸¸è¥ä¸šä¸­',NULL,1,NULL,'2020-10-29 21:33:09'),(8,'yanke','2E9CE64BDC1BB0B3','ç«‹æ˜‚é€ å‹','ç«‹æ˜‚','13658062546','594781478@qq.com',0,'yanke0628',0,0,0,NULL,'å››å·çœæˆéƒ½å¸‚åŒæµåŒºååºœå¤§é“1æ®µ','staticfile\\wechatimages\\mchusers\\89ae8ef3-ae13-4dcf-9491-f2a0d14aab66_0.jpg,staticfile\\wechatimages\\mchusers\\89ae8ef3-ae13-4dcf-9491-f2a0d14aab66_1.jpg,staticfile\\wechatimages\\mchusers\\89ae8ef3-ae13-4dcf-9491-f2a0d14aab66_2.jpg',1,0,30,5,'2021-01-02 13:04:16','æ­£å¸¸è¥ä¸šä¸­',NULL,1,'{\"mchUUid\":\"89ae8ef3-ae13-4dcf-9491-f2a0d14aab66\",\"fkAdminId\":1}','2020-11-29 09:31:27'),(9,'suntao','2E9CE64BDC1BB0B3','å°æ¸…æ–°ç†å‘åº—','èµ·ç‚¹ ä¸ä¸€æ ·çš„æ„Ÿå—','15828565684','594781478@qq.com',0,'suntao06666',0,0,0,NULL,'å››å·çœæˆéƒ½å¸‚æˆååŒºå»ºè®¾è·¯','staticfile\\wechatimages\\mchusers\\cd83e257-90c2-4bc4-972f-967d480e4f43_0.jpg,staticfile\\wechatimages\\mchusers\\cd83e257-90c2-4bc4-972f-967d480e4f43_1.jpg,staticfile\\wechatimages\\mchusers\\cd83e257-90c2-4bc4-972f-967d480e4f43_2.jpg',1,0,30,5,'2021-01-02 13:04:18','æ­£å¸¸è¥ä¸šä¸­',NULL,1,'{\"mchUUid\":\"cd83e257-90c2-4bc4-972f-967d480e4f43\",\"fkAdminId\":1}','2020-11-29 09:38:49'),(10,'daqingshan','2E9CE64BDC1BB0B3','å¤§é’å±±XX','å¤§é’å±±dddd','13658062546','594781478@qq.com',0,'ycxdddd',0,0,0,NULL,'å››å·çœç®€é˜³å¸‚','staticfile\\wechatimages\\mchusers\\fc9c8036-869e-42ec-8f18-6359ae5d25a6_0.jpg,staticfile\\wechatimages\\mchusers\\fc9c8036-869e-42ec-8f18-6359ae5d25a6_1.jpg,staticfile\\wechatimages\\mchusers\\fc9c8036-869e-42ec-8f18-6359ae5d25a6_2.jpg',1,0,30,5,'2021-01-02 13:04:22','æ­£å¸¸è¥ä¸šä¸­',NULL,1,'{\"mchUUid\":\"fc9c8036-869e-42ec-8f18-6359ae5d25a6\",\"fkAdminId\":1}','2020-12-11 05:34:11');
/*!40000 ALTER TABLE `tb_mch` ENABLE KEYS */;
UNLOCK TABLES;

--
-- Table structure for table `tb_mch_staff`
--

DROP TABLE IF EXISTS `tb_mch_staff`;
/*!40101 SET @saved_cs_client     = @@character_set_client */;
/*!40101 SET character_set_client = utf8 */;
CREATE TABLE `tb_mch_staff` (
  `id` int(32) NOT NULL AUTO_INCREMENT COMMENT 'id',
  `name` varchar(30) COLLATE utf8_unicode_ci DEFAULT NULL COMMENT 'çœŸå®ç”¨æˆ·å',
  `password` varchar(100) COLLATE utf8_unicode_ci DEFAULT NULL,
  `nick_name` varchar(50) COLLATE utf8_unicode_ci DEFAULT NULL COMMENT 'æ˜µç§°',
  `phone_num` varchar(50) COLLATE utf8_unicode_ci NOT NULL,
  `detail` varchar(1000) COLLATE utf8_unicode_ci NOT NULL COMMENT 'å‘å‹å¸ˆç®€ä»‹ï¼šç‰¹é•¿ï¼Œå·¥é¾„ç­‰ï¼Œjsonæ–¹å¼å­˜å‚¨',
  `status` varchar(255) COLLATE utf8_unicode_ci DEFAULT NULL COMMENT 'é»˜è®¤æ˜¯æ­£å¸¸ä¸Šç­',
  `is_delete` int(32) NOT NULL COMMENT 'æ˜¯å¦åˆ é™¤ï¼Œæ¯”å¦‚ç¦»èŒç­‰éœ€è¦å°†å…¶åˆ é™¤',
  `fk_mch_id` int(32) NOT NULL COMMENT 'æ‰€å±çš„å•†å®¶ID',
  `fk_open_id` varchar(50) COLLATE utf8_unicode_ci NOT NULL COMMENT 'å‘˜å·¥çš„å¾®ä¿¡openId',
  `ext_props` varchar(500) COLLATE utf8_unicode_ci DEFAULT NULL,
  `modify_time` timestamp NULL DEFAULT '0000-00-00 00:00:00' COMMENT 'ĞŞ¸ÄÊ±¼ä',
  `create_time` timestamp NOT NULL DEFAULT '0000-00-00 00:00:00',
  PRIMARY KEY (`id`) USING BTREE
) ENGINE=InnoDB AUTO_INCREMENT=5 DEFAULT CHARSET=utf8 COLLATE=utf8_unicode_ci;
/*!40101 SET character_set_client = @saved_cs_client */;

--
-- Dumping data for table `tb_mch_staff`
--

LOCK TABLES `tb_mch_staff` WRITE;
/*!40000 ALTER TABLE `tb_mch_staff` DISABLE KEYS */;
INSERT INTO `tb_mch_staff` VALUES (1,'é—«ç‚','25A8F5B1BC5E4433AF8AD0441E2F873D','æ©™å­','15828565684','','æ­£å¸¸ä¸Šç­',0,1,'666666',NULL,'2020-10-31 13:47:09','2020-10-31 13:47:09'),(2,'é—«èµ«','9E252BBBB98A23FDE37A93B2CCCDF5FA','èµ«å­','13658062546','æˆ‘çš„ä¾„å­','æ­£å¸¸ä¸Šç­',0,2,'888888',NULL,'2020-10-31 14:00:28','2020-10-31 14:00:28'),(3,'é—«ç¿”','25A8F5B1BC5E4433AF8AD0441E2F873D','ç¿”å­V2','15828565684','666666666','æ­£å¸¸ä¸Šç­',0,2,'777777',NULL,'2020-12-19 12:31:48','2020-10-31 14:04:15'),(4,'å°æ','9E252BBBB98A23FDE37A93B2CCCDF5FA','å°æå­','13658062546','å°½å¿«å°½å¿«çœ‹å°±çœ‹','æ­£å¸¸ä¸Šç­',1,1,'xiaoli99999999',NULL,'2020-12-19 12:32:40','2020-12-19 10:35:34');
/*!40000 ALTER TABLE `tb_mch_staff` ENABLE KEYS */;
UNLOCK TABLES;

--
-- Table structure for table `tb_product`
--

DROP TABLE IF EXISTS `tb_product`;
/*!40101 SET @saved_cs_client     = @@character_set_client */;
/*!40101 SET character_set_client = utf8 */;
CREATE TABLE `tb_product` (
  `product_id` int(32) NOT NULL AUTO_INCREMENT COMMENT 'å•†å“ID è‡ªåŠ¨é€’å¢',
  `product_name` varchar(155) COLLATE utf8_unicode_ci NOT NULL COMMENT 'å•†å“å',
  `product_price` int(32) NOT NULL DEFAULT '0' COMMENT 'å•†å“ä»·æ ¼',
  `fk_mch_id` int(32) NOT NULL COMMENT 'å¤–é”®å…³è”çš„å•†å®¶ID',
  `sale_total_times` int(32) NOT NULL DEFAULT '0' COMMENT 'å”®é”€æ¬¡æ•°',
  `sale_total_money` int(32) NOT NULL DEFAULT '0' COMMENT 'é”€å”®æ€»é‡‘é¢',
  `like_counts` int(32) NOT NULL DEFAULT '0' COMMENT 'èµç‚¹æ¬¡æ•°',
  `dislike_counts` int(32) NOT NULL DEFAULT '0' COMMENT 'è¸©çš„æ¬¡æ•°',
  `product_status` int(32) NOT NULL DEFAULT '0' COMMENT '0: ä¸‹æ¶  1ï¼šä¸Šæ¶  2ï¼šç½®é¡¶',
  `product_head_picture` varchar(255) COLLATE utf8_unicode_ci NOT NULL COMMENT 'å•†å“çš„å¤´åƒå›¾æ ‡ åœ°å€',
  `product_type` varchar(100) COLLATE utf8_unicode_ci DEFAULT NULL COMMENT 'å•†å“çš„ç§ç±»ï¼š å¦‚ ä¸­é¤  ç«é”…    ä¸²ä¸²',
  `product_content_picture` varchar(1000) COLLATE utf8_unicode_ci DEFAULT NULL COMMENT 'å•†å“å†…å®¹å›¾ç‰‡ï¼š ç”¨ "|" åšåˆ†å‰²',
  `product_description` varchar(1000) COLLATE utf8_unicode_ci DEFAULT NULL COMMENT 'å•†å“çš„å†…å®¹æè¿°',
  `discount_price` int(11) NOT NULL COMMENT 'å•†å“æŠ˜åä»·æ ¼    discount_price=product_price *  discount_percent /100',
  `discount_percent` int(11) NOT NULL DEFAULT '100' COMMENT 'æ‰£æŠ˜æ¯”ä¾‹ï¼Œé»˜è®¤å€¼æ˜¯100 æ²¡æœ‰æŠ˜æ‰£',
  `create_time` timestamp NOT NULL DEFAULT '0000-00-00 00:00:00' ON UPDATE CURRENT_TIMESTAMP COMMENT 'å•†å“æ·»åŠ æ—¶é—´',
  `ext_props` varchar(500) COLLATE utf8_unicode_ci DEFAULT NULL,
  `modify_time` timestamp NULL DEFAULT '0000-00-00 00:00:00' COMMENT 'ĞŞ¸ÄÊ±¼ä',
  PRIMARY KEY (`product_id`),
  KEY `fk_mch_id` (`fk_mch_id`)
) ENGINE=InnoDB AUTO_INCREMENT=5 DEFAULT CHARSET=utf8 COLLATE=utf8_unicode_ci;
/*!40101 SET character_set_client = @saved_cs_client */;

--
-- Dumping data for table `tb_product`
--

LOCK TABLES `tb_product` WRITE;
/*!40000 ALTER TABLE `tb_product` DISABLE KEYS */;
INSERT INTO `tb_product` VALUES (1,'æ²³é²œå•äººè‡ªåŠ©æ™šé¤',80,1,52,3660,18,0,1,'staticfile/wechatimages/food/0d4bb4c2b9cb54568279f2ca3bcc811954141.jpg','food',NULL,'é¸³é¸¯é”…åº•ï¼›è‡ªå–æ²¹ç¢Ÿï¼›è‚‰ç±»5*2ï¼›è”¬èœ5*2',72,90,'2020-10-30 02:10:31',NULL,'2016-09-11 09:37:21'),(2,'æ²³é²œ6-10äººè‡ªåŠ©',600,1,22,9690,6,0,1,'staticfile/wechatimages/food/0d4bb4c2b9cb54568279f2ca3bcc811954141.jpg','food',NULL,'é¸³é¸¯é”…åº•ï¼›è‡ªå–æ²¹ç¢Ÿï¼›è‚‰ç±»5*2ï¼›è”¬èœ5*2',480,80,'2020-10-30 02:10:39',NULL,'2016-09-11 09:37:21'),(3,'2äººæµªæ¼«é”…',100,2,26,1300,10,0,1,'staticfile/wechatimages/food/0d4bb4c2b9cb54568279f2ca3bcc811954141.jpg','food',NULL,'é¸³é¸¯é”…åº•ï¼›è‡ªå–æ²¹ç¢Ÿï¼›è‚‰ç±»5*2ï¼›è”¬èœ5*2',50,50,'2020-10-30 02:10:49',NULL,'2016-09-11 09:37:21'),(4,'æ˜Ÿå·´å…‹å››äººé¤',350,1,0,0,0,0,1,'staticfile/wechatimages/food/0d4bb4c2b9cb54568279f2ca3bcc811954141.jpg','food','1_537268_1.jpg_|_1_537268_2.jpg_|_1_537268_3.jpg_|_1_537268_4.jpg_|_1_537268_5.jpg','å››äººå¥—é¤ï¼š 4æ¯å’–å•¡ï¼Œ5ä¸ªç”œç­’',250,0,'2020-11-06 13:33:56',NULL,'2016-09-11 09:37:21');
/*!40000 ALTER TABLE `tb_product` ENABLE KEYS */;
UNLOCK TABLES;

--
-- Table structure for table `tb_product_activity_record`
--

DROP TABLE IF EXISTS `tb_product_activity_record`;
/*!40101 SET @saved_cs_client     = @@character_set_client */;
/*!40101 SET character_set_client = utf8 */;
CREATE TABLE `tb_product_activity_record` (
  `id` int(32) NOT NULL AUTO_INCREMENT,
  `fk_activity_id` int(32) NOT NULL DEFAULT '0' COMMENT 'å¤–é”® åˆ°æ´»åŠ¨çš„Id',
  `fk_product_id` int(32) NOT NULL DEFAULT '0' COMMENT 'å“ªäº›å•†å“å‚åŠ åˆ°è¿™ä¸ªæ´»åŠ¨',
  `threshold_value` int(32) DEFAULT NULL COMMENT ' ',
  `start_time` timestamp NULL DEFAULT NULL COMMENT 'å¼€å§‹æ—¥æœŸ',
  `end_time` timestamp NULL DEFAULT NULL COMMENT 'ç»“æŸæ—¶é—´',
  `ext_props` varchar(500) COLLATE utf8_unicode_ci DEFAULT NULL,
  PRIMARY KEY (`id`)
) ENGINE=InnoDB DEFAULT CHARSET=utf8 COLLATE=utf8_unicode_ci;
/*!40101 SET character_set_client = @saved_cs_client */;

--
-- Dumping data for table `tb_product_activity_record`
--

LOCK TABLES `tb_product_activity_record` WRITE;
/*!40000 ALTER TABLE `tb_product_activity_record` DISABLE KEYS */;
/*!40000 ALTER TABLE `tb_product_activity_record` ENABLE KEYS */;
UNLOCK TABLES;

--
-- Table structure for table `tb_queue_record`
--

DROP TABLE IF EXISTS `tb_queue_record`;
/*!40101 SET @saved_cs_client     = @@character_set_client */;
/*!40101 SET character_set_client = utf8 */;
CREATE TABLE `tb_queue_record` (
  `record_id` int(32) NOT NULL AUTO_INCREMENT,
  `fk_mchstaff_id` int(32) DEFAULT NULL,
  `fk_open_id` varchar(100) DEFAULT NULL,
  `fk_mch_id` int(32) DEFAULT NULL,
  `fk_transaction_id` int(32) DEFAULT NULL,
  `order_id` varchar(100) DEFAULT '',
  `is_scan` int(32) DEFAULT NULL,
  `status` int(32) DEFAULT NULL,
  `ext_props` varchar(500) DEFAULT NULL,
  `end_time` timestamp NULL DEFAULT '0000-00-00 00:00:00' COMMENT 'ĞŞ¸ÄÊ±¼ä',
  `start_time` timestamp NULL DEFAULT '0000-00-00 00:00:00' COMMENT 'ĞŞ¸ÄÊ±¼ä',
  PRIMARY KEY (`record_id`)
) ENGINE=InnoDB AUTO_INCREMENT=9 DEFAULT CHARSET=utf8;
/*!40101 SET character_set_client = @saved_cs_client */;

--
-- Dumping data for table `tb_queue_record`
--

LOCK TABLES `tb_queue_record` WRITE;
/*!40000 ALTER TABLE `tb_queue_record` DISABLE KEYS */;
INSERT INTO `tb_queue_record` VALUES (1,-1,'ycx0st',2,-1,'B-1',0,1,NULL,'2020-12-26 08:47:15','2020-11-25 10:06:25'),(2,-1,'ycx0st',2,-1,'A-2',0,0,NULL,'2020-11-28 12:30:03','2020-11-25 10:25:50'),(3,-1,'ycx0st',2,-1,'A-3',0,0,NULL,'2020-11-28 13:04:06','2020-11-27 13:46:57'),(4,-1,'ycx0st',2,-1,'D-4',0,0,NULL,'2020-11-28 13:04:34','2020-11-27 14:52:00'),(5,-1,'ycx0st',2,-1,'B-1',0,1,NULL,'2020-12-11 06:10:59','2020-12-09 01:26:09'),(6,-1,'ycx0st',2,-1,'C-1',0,1,NULL,'2020-12-11 06:11:06','2020-12-11 05:52:25'),(7,-1,'ycx0st',8,-1,'A-1',0,0,NULL,NULL,'2021-01-02 13:09:19'),(8,-1,'ycx0st',8,-1,'A-2',0,0,NULL,NULL,'2021-01-02 13:09:44');
/*!40000 ALTER TABLE `tb_queue_record` ENABLE KEYS */;
UNLOCK TABLES;

--
-- Table structure for table `tb_redeem_code`
--

DROP TABLE IF EXISTS `tb_redeem_code`;
/*!40101 SET @saved_cs_client     = @@character_set_client */;
/*!40101 SET character_set_client = utf8 */;
CREATE TABLE `tb_redeem_code` (
  `code_id` int(32) unsigned zerofill NOT NULL AUTO_INCREMENT COMMENT 'å…‘æ¢ç ä¸»é”®',
  `random_code` varchar(64) COLLATE utf8_unicode_ci NOT NULL COMMENT 'éšæœºçš„å­—ç¬¦ä¸² 30ä¸ªå­—ç¬¦å†…',
  `fk_product_id` int(32) DEFAULT NULL COMMENT 'å…‘æ¢ç å¯¹åº”çš„å•†å“ID',
  `is_used` bit(1) NOT NULL DEFAULT b'0' COMMENT 'å¦æ˜¯å·²ç»ä½¿ç”¨è¿‡',
  `used_time` timestamp NULL DEFAULT NULL,
  `create_type` int(32) NOT NULL DEFAULT '0' COMMENT '0:  1:  2:',
  `product_num` int(32) NOT NULL DEFAULT '1',
  `fk_open_id` varchar(100) COLLATE utf8_unicode_ci NOT NULL COMMENT 'ä¿¡å¾®è´¦æˆ·çš„ç”¨æˆ· openId',
  `fk_mch_id` int(32) DEFAULT NULL COMMENT 'å•†å®¶å·',
  `pay_money` int(32) DEFAULT NULL COMMENT 'ä»˜è´¹é‡‘é¢',
  `valid_date` timestamp NULL DEFAULT NULL ON UPDATE CURRENT_TIMESTAMP COMMENT 'æœ‰æ•ˆæœŸ',
  `is_sendok` int(32) NOT NULL DEFAULT '0' COMMENT 'æ˜¯å¦å‘é€æˆåŠŸ',
  `code_info` varchar(255) COLLATE utf8_unicode_ci DEFAULT NULL COMMENT 'æè¿°ä¿¡æ¯',
  `code_create_time` timestamp NOT NULL DEFAULT '0000-00-00 00:00:00' COMMENT 'å…‘æ¢ç ç”Ÿæˆæ—¶é—´',
  PRIMARY KEY (`code_id`)
) ENGINE=InnoDB AUTO_INCREMENT=5 DEFAULT CHARSET=utf8 COLLATE=utf8_unicode_ci;
/*!40101 SET character_set_client = @saved_cs_client */;

--
-- Dumping data for table `tb_redeem_code`
--

LOCK TABLES `tb_redeem_code` WRITE;
/*!40000 ALTER TABLE `tb_redeem_code` DISABLE KEYS */;
INSERT INTO `tb_redeem_code` VALUES (00000000000000000000000000000001,'deeeewewweweewew1',1,'\0','2016-06-15 14:25:55',0,1,'ycx0628st',1,55,'2020-11-05 13:40:35',0,'æ¸”äººé±¼ç«é”…ä¸‰äººé¤','2016-06-14 15:04:12'),(00000000000000000000000000000002,'aaaaaaaaaaaaaaaaae2',2,'\0','2016-06-14 14:26:08',0,1,'ycx0628st',1,98,'2020-11-05 13:40:36',0,'å•äººä¸²ä¸²','2016-06-14 15:05:07'),(00000000000000000000000000000003,'bbbbbbbbbbbbbbbbbb3',1,'\0','2016-06-14 14:26:13',0,1,'ycx0628st',1,999,'2020-11-05 13:40:39',0,'å•äººä¸²ä¸²','2016-06-14 15:07:22'),(00000000000000000000000000000004,'jkjkjkjkjkjkjkkjjkjkjkkjjkj4',1,'','2016-06-15 14:26:18',0,1,'0',1,2322,'2016-06-15 14:26:22',0,'æ¸”äººé±¼ç«é”…','2016-06-14 15:07:19');
/*!40000 ALTER TABLE `tb_redeem_code` ENABLE KEYS */;
UNLOCK TABLES;

--
-- Table structure for table `tb_service_evaluate`
--

DROP TABLE IF EXISTS `tb_service_evaluate`;
/*!40101 SET @saved_cs_client     = @@character_set_client */;
/*!40101 SET character_set_client = utf8 */;
CREATE TABLE `tb_service_evaluate` (
  `id` int(32) unsigned zerofill NOT NULL AUTO_INCREMENT,
  `nick_name` varchar(100) DEFAULT NULL,
  `email` varchar(100) DEFAULT NULL,
  `fk_mch_id` int(32) DEFAULT NULL,
  `fk_user_id` int(32) DEFAULT NULL,
  `fk_mchstaff_id` int(32) DEFAULT NULL,
  `detail` varchar(1000) DEFAULT NULL,
  `score` int(32) DEFAULT NULL COMMENT 'è¯„åˆ†',
  `is_used` int(32) DEFAULT NULL,
  `ext_props` varchar(500) DEFAULT NULL,
  `create_time` timestamp NULL DEFAULT '0000-00-00 00:00:00' COMMENT 'ĞŞ¸ÄÊ±¼ä',
  PRIMARY KEY (`id`)
) ENGINE=InnoDB DEFAULT CHARSET=utf8;
/*!40101 SET character_set_client = @saved_cs_client */;

--
-- Dumping data for table `tb_service_evaluate`
--

LOCK TABLES `tb_service_evaluate` WRITE;
/*!40000 ALTER TABLE `tb_service_evaluate` DISABLE KEYS */;
/*!40000 ALTER TABLE `tb_service_evaluate` ENABLE KEYS */;
UNLOCK TABLES;

--
-- Table structure for table `tb_suggestion`
--

DROP TABLE IF EXISTS `tb_suggestion`;
/*!40101 SET @saved_cs_client     = @@character_set_client */;
/*!40101 SET character_set_client = utf8 */;
CREATE TABLE `tb_suggestion` (
  `id` int(32) NOT NULL AUTO_INCREMENT,
  `nick_name` varchar(155) COLLATE utf8_unicode_ci NOT NULL,
  `email` varchar(155) COLLATE utf8_unicode_ci NOT NULL,
  `fk_user_id` int(32) DEFAULT NULL,
  `fk_mch_id` int(32) DEFAULT NULL,
  `info` varchar(1000) COLLATE utf8_unicode_ci DEFAULT NULL,
  `create_time` timestamp NOT NULL DEFAULT CURRENT_TIMESTAMP ON UPDATE CURRENT_TIMESTAMP,
  `ext_props` varchar(500) COLLATE utf8_unicode_ci DEFAULT NULL,
  PRIMARY KEY (`id`)
) ENGINE=InnoDB AUTO_INCREMENT=5 DEFAULT CHARSET=utf8 COLLATE=utf8_unicode_ci;
/*!40101 SET character_set_client = @saved_cs_client */;

--
-- Dumping data for table `tb_suggestion`
--

LOCK TABLES `tb_suggestion` WRITE;
/*!40000 ALTER TABLE `tb_suggestion` DISABLE KEYS */;
INSERT INTO `tb_suggestion` VALUES (1,'å°ç”œç”œ','chaoxiyan125@huawei.com',1,2,'å¤ªè´µäº†','2020-10-29 21:31:02',NULL),(2,'å°ç”œç”œ','chaoxiyan125@huawei.com',1,1,'ä¸é”™ï¼Œå¸Œæœ›é‡èƒ½å¤šç‚¹ï¼Œåç»­ä¼šå†æ¥','2020-10-29 21:31:03',NULL),(3,'å°ç”œç”œ','chaoxiyan125@huawei.com',1,2,'æœåŠ¡å‘˜æœåŠ¡æ€åº¦ä¸å¥½ï¼Œå»ºè®®æ”¹æ­£','2020-10-29 21:31:04',NULL),(4,'å°ç”œç”œ','chaoxiyan125@huawei.com',1,1,'æœåŠ¡å‘˜è´¨é‡é«˜ã€‚å»ºè®®åç»­å¤šæ¥è¿™æ ·çš„','2020-10-29 21:31:08',NULL);
/*!40000 ALTER TABLE `tb_suggestion` ENABLE KEYS */;
UNLOCK TABLES;

--
-- Table structure for table `tb_transaction_record`
--

DROP TABLE IF EXISTS `tb_transaction_record`;
/*!40101 SET @saved_cs_client     = @@character_set_client */;
/*!40101 SET character_set_client = utf8 */;
CREATE TABLE `tb_transaction_record` (
  `record_id` int(32) unsigned NOT NULL AUTO_INCREMENT COMMENT 'äº¤æ˜“è®°å½•ä¸»é”® è‡ªåŠ¨é€’å¢',
  `fk_product_id` int(32) DEFAULT NULL COMMENT 'äº¤æ˜“è®°å½•æ‰€å±çš„å•†å“',
  `fk_staff_id` int(32) DEFAULT '0',
  `fk_mch_id` int(32) NOT NULL DEFAULT '0' COMMENT 'äº¤æ˜“è®°å½•æ‰€å±çš„å•†å®¶',
  `fk_open_id` varchar(100) COLLATE utf8_unicode_ci NOT NULL DEFAULT '0' COMMENT 'äº¤æ˜“å…³è”çš„å¾®ä¿¡ç”¨æˆ·çš„ openid',
  `record_type` varchar(100) COLLATE utf8_unicode_ci DEFAULT NULL COMMENT 'äº¤æ˜“ç±»å‹',
  `record_money` int(32) NOT NULL DEFAULT '0' COMMENT 'æ˜“äº¤æ¶‰åŠçš„é‡‘é¢',
  `record_time` timestamp NOT NULL DEFAULT '0000-00-00 00:00:00' ON UPDATE CURRENT_TIMESTAMP COMMENT 'äº¤æ˜“äº§ç”Ÿçš„æ—¶é—´',
  `out_trade_no` varchar(155) COLLATE utf8_unicode_ci DEFAULT NULL COMMENT 'ä¿¡å¾®è®¢å•å·',
  `record_status` int(11) NOT NULL DEFAULT '0' COMMENT 'æ˜¯å¦å·²ç»æ”¯ä»˜ ï¼š 0 æœª æˆåŠŸæ”¯ä»˜  1 ï¼Œå·²ç»æˆåŠŸ',
  `product_num` int(11) DEFAULT '1',
  `is_scaned` int(11) NOT NULL DEFAULT '0',
  `ext_props` varchar(500) COLLATE utf8_unicode_ci DEFAULT NULL,
  PRIMARY KEY (`record_id`),
  KEY `fk_product_id` (`fk_product_id`),
  KEY `fk_mch_id` (`fk_mch_id`)
) ENGINE=InnoDB AUTO_INCREMENT=16 DEFAULT CHARSET=utf8 COLLATE=utf8_unicode_ci;
/*!40101 SET character_set_client = @saved_cs_client */;

--
-- Dumping data for table `tb_transaction_record`
--

LOCK TABLES `tb_transaction_record` WRITE;
/*!40000 ALTER TABLE `tb_transaction_record` DISABLE KEYS */;
INSERT INTO `tb_transaction_record` VALUES (1,3,0,2,'2','',5000,'2020-11-01 03:01:23','2016-06-23-28-10-269418287465',0,1,0,NULL),(2,1,1,1,'1','',30,'2020-11-03 14:37:41','12123456656556',3,1,1,'{\"detail\":\"å·²ç»å¤„ç†äº†\",\"contentPicture\":\"staticfile\\\\wechatimages\\\\mchusers\\\\2_fd872caa-ac43-41d2-8fdf-bf5f39e2748d_0.jpg,staticfile\\\\wechatimages\\\\mchusers\\\\2_fd872caa-ac43-41d2-8fdf-bf5f39e2748d_1.png,staticfile\\\\wechatimages\\\\mchusers\\\\2_fd872caa-ac43-41d2-8fdf-bf5f39e2748d_2.jpg,staticfile\\\\wechatimages\\\\mchusers\\\\2_fd872caa-ac43-41d2-8fdf-bf5f39e2748d_3.jpg\",\"recordUUid\":\"2_fd872caa-ac43-41d2-8fdf-bf5f39e2748d\",\"modifyTime\":\"2021-1-3 18:28:35\"}'),(3,2,0,1,'1','',55,'2020-11-01 03:01:26','kjijkljkljkljkljkjkjkjkjkljkl',0,1,0,NULL),(4,1,0,1,'1','',16,'2020-11-01 03:02:04','22222222222',0,1,0,NULL),(5,1,0,2,'1','',36,'2020-11-01 03:02:04',';lkkljkjlkjljkljkljkljkl',0,1,0,NULL),(6,2,0,2,'2','',45,'2020-11-01 03:02:04','jkhhjkhjkhjkj',1,1,1,NULL),(7,1,0,1,'1','',58,'2020-11-01 03:02:04','2016-06-23-30-10-127646943613',0,1,0,NULL),(8,1,0,1,'1','',50,'2020-11-01 03:02:04','2016-06-23-30-10-252943043192',0,1,0,NULL),(9,1,0,1,'1','',356,'2020-11-01 03:02:04','2016-06-24-19-10-336199833102',0,1,0,NULL),(11,1,0,1,'1','',500,'2020-11-01 03:02:04','2016-06-24-23-11-521543014577',0,1,0,NULL),(12,1,0,1,'1','',450,'2020-11-01 03:02:04','2016-06-24-27-11-279289033388',0,1,0,NULL),(13,1,0,1,'0','',5000,'2020-11-01 03:02:04','2016-06-24-27-11-595021686977',0,1,0,NULL),(14,3,0,2,'0','',5000,'2020-11-01 03:02:04','2016-07-20-55-09-083722917042',0,1,0,NULL),(15,3,0,2,'0','',5000,'2020-11-01 03:02:04','2016-07-24-15-08-404615800458',0,1,0,NULL);
/*!40000 ALTER TABLE `tb_transaction_record` ENABLE KEYS */;
UNLOCK TABLES;

--
-- Table structure for table `tb_wechat_msg`
--

DROP TABLE IF EXISTS `tb_wechat_msg`;
/*!40101 SET @saved_cs_client     = @@character_set_client */;
/*!40101 SET character_set_client = utf8 */;
CREATE TABLE `tb_wechat_msg` (
  `id` varchar(155) NOT NULL DEFAULT '',
  `content` text,
  `sign_type` varchar(155) DEFAULT NULL,
  `input_charset` varchar(155) DEFAULT NULL,
  `sign` varchar(155) DEFAULT NULL,
  `trade_mode` varchar(155) DEFAULT NULL,
  `trade_state` varchar(155) DEFAULT NULL,
  `partner` varchar(155) DEFAULT NULL,
  `bank_type` varchar(155) DEFAULT NULL,
  `bank_billno` varchar(155) DEFAULT NULL,
  `total_fee` varchar(155) DEFAULT NULL,
  `fee_type` varchar(155) DEFAULT NULL,
  `notify_id` varchar(155) DEFAULT NULL,
  `transaction_id` varchar(155) DEFAULT NULL,
  `out_trade_no` varchar(155) DEFAULT NULL,
  `attach` varchar(155) DEFAULT NULL,
  `time_end` varchar(155) DEFAULT NULL,
  `transport_fee` varchar(155) DEFAULT NULL,
  `product_fee` varchar(155) DEFAULT NULL,
  `discount` varchar(155) DEFAULT NULL,
  `time` timestamp NULL DEFAULT NULL,
  PRIMARY KEY (`id`)
) ENGINE=InnoDB DEFAULT CHARSET=utf8;
/*!40101 SET character_set_client = @saved_cs_client */;

--
-- Dumping data for table `tb_wechat_msg`
--

LOCK TABLES `tb_wechat_msg` WRITE;
/*!40000 ALTER TABLE `tb_wechat_msg` DISABLE KEYS */;
/*!40000 ALTER TABLE `tb_wechat_msg` ENABLE KEYS */;
UNLOCK TABLES;

--
-- Table structure for table `tb_wechat_user`
--

DROP TABLE IF EXISTS `tb_wechat_user`;
/*!40101 SET @saved_cs_client     = @@character_set_client */;
/*!40101 SET character_set_client = utf8 */;
CREATE TABLE `tb_wechat_user` (
  `user_id` int(155) NOT NULL AUTO_INCREMENT,
  `user_nick_name` varchar(155) DEFAULT NULL,
  `user_head_path` varchar(255) DEFAULT NULL COMMENT 'å¾®ä¿¡å¤´åƒè·¯å¾„',
  `user_tel_num` varchar(20) DEFAULT NULL,
  `user_openid` varchar(155) DEFAULT NULL,
  `user_sex` bit(1) DEFAULT b'0' COMMENT '0: å¥³  1: ç”·',
  `user_reward_point` int(32) NOT NULL DEFAULT '0' COMMENT 'æˆ·ç”¨ç§¯åˆ†',
  `user_level` int(32) NOT NULL DEFAULT '1' COMMENT 'æˆ·ç”¨çš„çº§åˆ«',
  `user_register_time` timestamp NOT NULL DEFAULT CURRENT_TIMESTAMP ON UPDATE CURRENT_TIMESTAMP,
  `user_status` int(32) DEFAULT NULL,
  `ext_props` varchar(500) DEFAULT NULL,
  PRIMARY KEY (`user_id`)
) ENGINE=InnoDB AUTO_INCREMENT=2 DEFAULT CHARSET=utf8;
/*!40101 SET character_set_client = @saved_cs_client */;

--
-- Dumping data for table `tb_wechat_user`
--

LOCK TABLES `tb_wechat_user` WRITE;
/*!40000 ALTER TABLE `tb_wechat_user` DISABLE KEYS */;
INSERT INTO `tb_wechat_user` VALUES (1,'111','111','111','st0628','',0,1,'2020-11-27 14:40:12',NULL,NULL);
/*!40000 ALTER TABLE `tb_wechat_user` ENABLE KEYS */;
UNLOCK TABLES;
/*!40103 SET TIME_ZONE=@OLD_TIME_ZONE */;

/*!40101 SET SQL_MODE=@OLD_SQL_MODE */;
/*!40014 SET FOREIGN_KEY_CHECKS=@OLD_FOREIGN_KEY_CHECKS */;
/*!40014 SET UNIQUE_CHECKS=@OLD_UNIQUE_CHECKS */;
/*!40101 SET CHARACTER_SET_CLIENT=@OLD_CHARACTER_SET_CLIENT */;
/*!40101 SET CHARACTER_SET_RESULTS=@OLD_CHARACTER_SET_RESULTS */;
/*!40101 SET COLLATION_CONNECTION=@OLD_COLLATION_CONNECTION */;
/*!40111 SET SQL_NOTES=@OLD_SQL_NOTES */;

-- Dump completed on 2021-01-18 13:34:53
